<?xml version="1.0" encoding="UTF-8"?>
<!DOCTYPE hibernate-configuration PUBLIC "-//Hibernate/Hibernate Configuration DTD 3.0//EN" "http://hibernate.sourceforge.net/hibernate-configuration-3.0.dtd">
<hibernate-configuration>
  <session-factory>
    <property name="hibernate.dialect">org.hibernate.dialect.MySQLDialect</property>
    <property name="hibernate.connection.driver_class">com.mysql.jdbc.Driver</property>
    <property name="hibernate.connection.url">jdbc:mysql://172.17.0.134:3306/studentdb?zeroDateTimeBehavior=convertToNull</property>
    <property name="hibernate.connection.username">summer2016aj</property>
    <property name="hibernate.connection.password">java</property>
    <property name="hibernate.hbm2ddl.auto">update</property>
    <mapping class="model.Student"/>
    <mapping class="model.Course"/>
  </session-factory>
</hibernate-configuration>
